"","SAMPLE","TAXA","TYPE_OF_MATERIAL","ORIG_COUNT","ABUNDANCE_CODE"
"1","HV111289MJ1","","P","2",""
"2","LCC118A","","P","2",""
"3","LCC120","","P","2",""
"4","MAB550C","","P","2",""
"5","MAB86","","P","2",""
"6","SLW(1J1)","","2.84","2",""
"7","SLW(1J3)","","2.46","2",""
"8","SLW(2J1A)","","2.53","2",""
"9","SLW(2J1B)","","2.63","2",""
"10","SLW(2J2A)","","2.92","2",""
"11","SLW(2J2B)","","2.93","2",""
"12","SLW(2J3)","","3.54","2",""
"13","SLW(2J4B)","","2.65","2",""
"14","SLW(2J5B)","","2.9","2",""
"15","SLW(M1C)","","2.39","2",""
"16","SLW(M2A)","","2.45","2",""
"17","SLW(M2B)","","2.39","2",""
"18","SLW(M2C)","","2.84","2",""
"19","SLWMOD1","","2.04","2",""
"20","SLWMOD2","","2.31","2",""
"21","SLWMOD3","","2.43","2",""
"22","SLWMOD4","","1.98","2",""
"23","SLWMOD5","","2.59","2",""
"24","SW1","","P","2",""
"25","SW2","","P","2",""
"26","TWP307A1","foliage","P","2",""
"27","TWP307B","foliage","P","2",""
"28","TWP308A","foliage","P","2",""
"29","TWP311","foliage","P","2",""
"30","ALLEN1","","3","2",""
"31","ALLEN2","","1","1",""
"32","ALLEN4","","1","1",""
"33","ALLEN5","","1","1",""
"34","ALLEN6","","2","2",""
"35","ALLEN7","","1","1",""
"36","ALLEN8","","1","1",""
"37","ALLEN9","","3","2",""
"38","ALLENM","","0","0",""
"39","ALC1M1A1","","P","2",""
"40","ALC1M1A2","","P","2",""
"41","ALC1M1B","","P","2",""
"42","ALC1M2C","","P","2",""
"43","ALC1U","","P","2",""
"44","ALC2","","P","2",""
"45","MONTH1A","","P","2",""
"46","MONTH1B","","P","2",""
"47","MONTH1C","","P","2",""
"48","MONTH1D","","P","2",""
"49","C-1","","4","2",""
"50","DJ1300501PEW1(1,3)","seeds and twiglets","X","2",""
"51","LUC-1","","1","1",""
"52","LUC-2","","2","2",""
"53","LUC-4","","2","2",""
"54","LUC-5","","2","2",""
"55","LUC-S","","2","2",""
"56","LUC-SE","","2","2",""
"57","TG-2","","2","2",""
"58","TG-A","","2","2",""
"59","TG-BL","","2","2",""
"60","TG-BU","","2","2",""
"61","TG-E-1","","2","2",""
"62","TG-E-2","","2","2",""
"63","TG-E-3","","1?","9",""
"64","TG-E-4B","","1","1",""
"65","TG-E-4M","","2","2",""
"66","TG-E-4T","","2","2",""
"67","TG-FA-2","","2","2",""
"68","TG-FA-3","","1","1",""
"69","TG-FM","","2","2",""
"70","OC1","","1","1",""
"71","OC2(1)","","1","1",""
"72","OC2(2)","","15","2",""
"73","OC3(1)","","3","1",""
"74","OC3(2)","","34","2",""
"75","OC3(MOD)","","6","2",""
"76","PR2(2)","","3","1",""
"77","PR2(3)","","18","2",""
"78","PR1(1)","","12","2",""
"79","PR1A(2)","","P","2",""
"80","PR1B(2)","","P","2",""
"81","PR1B(3)","","17","2",""
"82","PR1B(4)","","P","2",""
"83","PR1B(5)","","P","2",""
"84","PR1MOD","","P","2",""
"85","PR3(1)","","P","2",""
"86","PR3(2)1","","P","2",""
"87","PR3(2)2","","P","2",""
"88","PR3(5)","","13","2",""
"89","PR3(7)","","P","2",""
"90","PR3(8)","","P","2",""
"91","PR3MOD","","P","2",""
"92","EH1","","1","1",""
"93","RR1","","5","2",""
"94","RR2","1 stems","1","1",""
"95","SENC1","3 twig, 2 fruit/seed","3","2",""
"96","SENC2","1 stems","1","1",""
"97","SENC4","2 twig","2","2",""
"98","SENC5","","2","2",""
"99","BA01","leaf","1","1",""
"100","BA02","seed covering","1","1",""
"101","BA03","seed","45","2",""
"102","BA04","twig","1","1",""
"103","BA05","leaf","4","1",""
"104","BA07a","seed","23","2",""
"105","BA10","seed","4","1",""
"106","BA12","branch","1","1",""
"107","BA13","achene","6","2",""
"108","BA15","twig","3","1",""
"109","BAMOD","leaf","1","1",""
"110","A1","leaf fragments","3","2",""
"111","A2","","1","1",""
"112","A3","leaves, carpels","1","1",""
"113","AS2L","","P","2",""
"114","AS3A","","P","2",""
"115","AS4B","","2","2",""
"116","SSF","fruit","1","1",""
"117","CLSP090990GHH1(1)","","P","2",""
"118","CHTER1","","P","2",""
"119","CHTRV1","","P","2",""
"120","CHTRV11","","P","2",""
"121","CHTRV2","","P","2",""
"122","CHTRV3","","P","2",""
"123","CHTRV4","","P","2",""
"124","MARAV10","","P","2",""
"125","MARAV10280","","P","2",""
"126","MARAV13","","P?","9",""
"127","MARAV15","","P?","9",""
"128","MARAV16","","P","2",""
"129","MARAV17","","P?","9",""
"130","MARAV18","","P","2",""
"131","MARAV1A","leaves","+","1",""
"132","MARAV1B","leaves","+","1",""
"133","MARAV1C","spikelets","++","2",""
"134","MARAV2","leaves, acorns","++","2",""
"135","MARAV3","leaves, acorns","++","2",""
"136","MARAV4200","","P","2",""
"137","MARAV7","","P","2",""
"138","MARAV9","","P","2",""
"139","BURROM1","leaves, acorns","+","1",""
"140","BURROM2","twigs","+","1",""
"141","BVD1","","P","2",""
"142","BVD10A","","P","2",""
"143","BVD10B","","P","2",""
"144","BVD12","","P","2",""
"145","BVD2B","","P","2",""
"146","BVD3","","P","2",""
"147","BVD4","","P","2",""
"148","BVD5A","","P","2",""
"149","BVD5B(1)","","P","2",""
"150","BVD5B(2)","","P","2",""
"151","CHET1","","P","2",""
"152","CHET2(C)1","","P","2",""
"153","CHET2A","","P","2",""
"154","CHET2B1","","P","2",""
"155","CHET2B2","","P","2",""
"156","CHET3(A)1","","P","2",""
"157","CHET3B","","P","2",""
"158","DAGGER1","spikelets","+","1",""
"159","DAGGER2","spikelets","+","1",""
"160","DAGGER3","leaves, acorns","+","1",""
"161","RGV1600","","P","2",""
"162","RGV19450","","P","2",""
"163","RGV45600","","P","2",""
"164","RGV7940","","P","2",""
"165","RGV8570","","P","2",""
"166","TV1","","P","2",""
"167","TV10","","P","2",""
"168","TV11","","P","2",""
"169","TV12","","P","2",""
"170","TV15A","","P","2",""
"171","TV15B","","P","2",""
"172","TV17","","P","2",""
"173","TV3A","","P","2",""
"174","TV5A","","P","2",""
"175","TV5B","","P","2",""
"176","TV6","","P","2",""
"177","TV8A(2)","","P?","9",""
"178","TV8C","","P?","9",""
"179","BBC121","","P","2",""
"180","BBC200C","","P","2",""
"181","BBC218","","P","2",""
"182","BBC237B","","P","2",""
"183","BBC238A","","P","2",""
"184","COC34","","P","2",""
"185","MSD20","","P","2",""
"186","MSD24","","P","2",""
"187","WML46","","P","2",""
"188","WML51A","","P","2",""
"189","WML51B","","P","2",""
"190","W83","","0","0",""
"191","CF1A","needles","P","2",""
"192","CF1B","needles","P","2",""
"193","CF2A","twigs","P","2",""
"194","CF2B","twigs","P","2",""
"195","PV1","","2","2",""
"196","SM6A","","1","1",""
"197","BEC174A","seed","2","2",""
"198","BEC245A","spines","2","2",""
"199","BEC301","seed","2","2",""
"200","BUTM1","","P","2",""
"201","BUTM2A","","P","2",""
"202","BUTM2C","","P","2",""
"203","BUTM3A","twigs","P","2",""
"204","BUTM3B","","P","2",""
"205","BUTM5","twigs","P","2",""
"206","BUTM4","","P","2",""
"207","MUERTO1","stems","P","2",""
"208","MUERTO2","seeds","2","1",""
"209","WDRL1","","P","2",""
"210","WDRL2","","P","2",""
"211","WDRL3","","P","2",""
"212","WDRL4","","P","2",""
"213","WDRSFC","","P","2",""
"214","CCYN1A","seeds, leaves, buds, twigs","3","2",""
"215","CCYN1B","seeds, leaves, buds, twigs","4","2",""
"216","CCYN4","leaves, seeds, pods","1","1",""
"217","CCYN7","leaves, seeds, pods","2","2",""
"218","COWBOY1","panicle","1","1",""
"219","COWBOY2","culm","2","2",""
"220","COWBOY3","panicle","2","2",""
"221","COWH1","leaves, seeds, pods","2","2",""
"222","COWH2","leaves, seeds, pods","2","2",""
"223","COWH3A","leaves, seeds, pods","2","2",""
"224","FCOW1","panicle","2","2",""
"225","JWC1","seeds, leaves, buds, twigs","3","2",""
"226","SF1A","seeds, leaves, pods","3","2",""
"227","SF1B","leaves, seeds, pods","2","2",""
"228","SF2","leaves, seeds, pods","2","2",""
"229","SF6","leaves, seeds, pods","3","2",""
"230","UPD3","leaves, seeds, pods","2","2",""
"231","WSFC1","seeds, leaves, pods","2","2",""
"232","WHR1A","","P","2",""
"233","WHR2","","P","2",""
"234","WHR3","","P","2",""
"235","WHR4","","P","2",""
"236","WHR5","","P","2",""
"237","WHR6A","","P","2",""
"238","WHR6B","","P","2",""
"239","WHR7","","P","2",""
"240","WHR8A","","P","2",""
"241","WHR8B","","P","2",""
"242","WHR9","","P","2",""
"243","BS1","","2.46","2",""
"244","BS2","","2.23","2",""
"245","BS3","","1.79","2",""
"246","HALL2A","","0","0",""
"247","HALL2B","","0.3","2",""
"248","HALL4","","2.35","2",""
"249","HALL6","","1.15","2",""
"250","HALL7","","1.3","2",""
"251","HALL8","","2.87","2",""
"252","HD1a","","1.6","2",""
"253","HD2","","1.5","2",""
"254","HD3","","2.3","2",""
"255","HD5","","1.6","2",""
"256","HD6","","1.6","2",""
"257","HD7b","","1.7","2",""
"258","HD8","","1.7","2",""
"259","HD9","","1.9","2",""
"260","LLF1A","needles","P","2",""
"261","LLF1B","needles","P","2",""
"262","NWS2","","1.33","2",""
"263","CAM2C","","3","2",""
"264","CAT3","achenes","3","2",""
"265","GM1(2)1","","5","2",""
"266","GM2(1)","","P","2",""
"267","GM2(2)","","P","2",""
"268","GM2(m)","","P","2",""
"269","GM4(1)1","","P","2",""
"270","GM4(1)2","","P","2",""
"271","GM4(2)1","","P","2",""
"272","GM4(2)2","","P","2",""
"273","GM4(m)","","P","2",""
"274","IBEX","","P","2",""
"275","NB2C","","P","2",""
"276","NM1A","","2","2",""
"277","NM1B","","2","2",""
"278","NNE4B","","P","2",""
"279","NNE4C(11910)","","3","2",""
"280","NNE4C(5960)","","3","2",""
"281","NNW1","","1","1",""
"282","NNW2A","","2","2",""
"283","NNW3C","","3","2",""
"284","NNW3D","","2","2",""
"285","SAM2A","","P","2",""
"286","SAM2B","","P","2",""
"287","SAM2C","","P","2",""
"288","BW1","","1","1",""
"289","BWREC","","3","2",""
"290","HF1","","1","1",""
"291","HF3A","","1","1",""
"292","HF3B","","2","2",""
"293","HF3C(1)","","3","2",""
"294","HF3C(2)","","1","1",""
"295","HF3C(3)","","1","1",""
"296","ATLATL10B","","P","2",""
"297","ATLATL11","","P","2",""
"298","ATLATL15","","P","2",""
"299","ATLATL3","","1","1",""
"300","ATLATL4A","","1","1",""
"301","ATLATL4B","","2","2",""
"302","ATLATL5B","","2","2",""
"303","ATLATL6A1","","1","1",""
"304","ATLATL6A2","","P","2",""
"305","ATLATL7","","P","2",""
"306","ATLATLM","","2","2",""
"307","CHAM10","","P","2",""
"308","CHAM13","","P","2",""
"309","CHAM14","","P","2",""
"310","CHAM15","","P","2",""
"311","CHAM16","","P","2",""
"312","CHAM9","","P","2",""
"313","CHIQ1A","","1","1",""
"314","CHIQ1B","","2","2",""
"315","CHIQ2","","2","2",""
"316","CHIQ3","","3","2",""
"317","CHIQ4","","2","2",""
"318","CHIQ5","","1","1",""
"319","CHIQ6","","P","2",""
"320","CHIQ7","","P","2",""
"321","CLY1","","P","2",""
"322","GALLO1","","2","2",""
"323","GALLO2","","1","1",""
"324","GALLO3","","2","2",""
"325","GALLO4","","2","2",""
"326","GALLO5","","2","2",""
"327","GALLO6","","2","2",""
"328","GALLO7","","2","2",""
"329","GALLO8","","P","2",""
"330","GALLO9","","P","2",""
"331","IR1B","","P","2",""
"332","IR1C","","P","2",""
"333","MOCK1","","1","1",""
"334","MOCK10","","P","2",""
"335","MOCK11","","P","2",""
"336","MOCK2","","2","2",""
"337","MOCK3","","2","2",""
"338","MOCK4","","1","1",""
"339","MOCK5","","2","2",""
"340","MOCK6","","P","2",""
"341","MOCK9A","","P","2",""
"342","SCC1A","","2","2",""
"343","SCC2A","","1","1",""
"344","SCC2B","","1","1",""
"345","SCCMA","","1","1",""
"346","WERITO2","","5","2",""
"347","WERITO6","","P","2",""
"348","WERITO7","","P","2",""
"349","WERITO8","","P","2",""
"350","WERITO9","","P","2",""
"351","CHMT","","0","0",""
"352","CCRK1B","","2","2",""
"353","CCRK1D","","2","2",""
"354","CCRK1E","","3","2",""
"355","SCR","","1","1",""
"356","CLM2","","5","2",""
"357","CM1","","P","2",""
"358","CM2","","P","2",""
"359","CM3","","P","2",""
"360","W43","","64","2",""
"361","MP22(2)","","P","2",""
"362","FISH1","","1","1",""
"363","FISH12","","0","0",""
"364","FISH2","","1","1",""
"365","FISH4","","1","1",""
"366","FISH5","","1","1",""
"367","FISH6","","2","2",""
"368","FISH7","","2","2",""
"369","FISH9","","1","1",""
"370","FISHM","","X","2",""
"371","W14C(33)","","0","0",""
"372","W14C(34)","","","TD","/TR"
"373","W14C(37)","","10","1",""
"374","W14C(38)","","40","2",""
"375","W14C(39)","","0","0",""
"376","W14C(40)","","0","0",""
"377","W14C(41)","","0","0",""
"378","CONH1","","1","1",""
"379","CONH2","","8","2",""
"380","AP1","","X*","2",""
"381","AP2A","","X","2",""
"382","AP2B","","X","2",""
"383","AP3A","","X","2",""
"384","AP3B","","X*","2",""
"385","AP3C","","X","2",""
"386","AP4AA","","X","2",""
"387","AP4AB","","X","2",""
"388","AP4B","","X","2",""
"389","AP5","","X","2",""
"390","SLM1(1)","5 peds (abbrev. not defined), 7 leaves","12","2",""
"391","SLM1(2)","seeds","7","2",""
"392","SLM1(3)","","46","2",""
"393","CRM1","","2","2",""
"394","CRM2","twigs and berries","P","2",""
"395","CRM3","","1","1",""
"396","DV990","","P","2",""
"397","TITUSCN","","+","1",""
"398","GC1","","2","2",""
"399","IFC2","","1","1",""
"400","SCH1A","1 stems","1","1",""
"401","SCH1B","2 stems","2","2",""
"402","SCH2","2 seed","2","2",""
"403","GD1","1 whole spikelet",".001","1",""
"404","GD10","seeds",".002","1",""
"405","GD11","5 whole spikelets",".017","2",""
"406","GD12","6 whole spikelets",".006","2",""
"407","GD13","5 whole spikelets",".002","1",""
"408","GD14","5 whole spikelets",".005","2",""
"409","GD2","2 whole spikelets",".004","2",""
"410","GD3","twigs",".015","2",""
"411","GD4","3 whole spikelets",".004","2",""
"412","GD5","bracts and pappi",".013","2",""
"413","GD6","2 whole spikelets",".001","1",""
"414","GD7","4 whole spikelets",".001","1",""
"415","GD8","1 whole spikelets",".001","1",""
"416","GD9","7 whole spikelets",".007","2",""
"417","NOLF1","5 whole seeds",".002","1",""
"418","RA1","1 whole seed",".001","1",""
"419","RA2","1 whole spikelet",".003","2",""
"420","RA3","2 whole spikelets",".008","2",""
"421","SPAT1","3 spikelets",".002","1",""
"422","SPAT2","twigs",".006","2",""
"423","SPAT3","capsules",".001","1",""
"424","SUPC1","2 spikelets",".004","2",""
"425","SUPC2","capsules",".027","2",""
"426","SUPC4","1 spikelet",".001","1",""
"427","NAUQ01A","areole","1","1",""
"428","NAUQ01C","seed","5","1",""
"429","NAUQ02A","areole","1","1",""
"430","NAUQ02B","areole","3","1",""
"431","NAUQMOD","seed","24","2",""
"432","DOL2","spines","1","1",""
"433","DOL3","seeds, leaves","3","2",""
"434","DOL4(1)","seeds, leaves","4","2",""
"435","DOL4(2)","seeds, leaves","3","2",""
"436","DOL5","pod","2","2",""
"437","DML54","","P","2",""
"438","EEM1","leaves","1?","1",""
"439","EEM10","achenes","1","1",""
"440","EEM11","floret","1","1",""
"441","EEM2","leaves","2?","2",""
"442","EEM3","achenes","2","2",""
"443","EEM4","leaves/involucres","1","1",""
"444","EEM5","carpels/twigs/seeds/leaves","1","1",""
"445","EEM6","achenes","2","2",""
"446","EEM7","achenes","2","2",""
"447","EEM8","achenes","1","1",""
"448","EEM9","achenes","3","2",""
"449","EBTM10","seeds","2","1",""
"450","EBTM24","seeds","9","2",""
"451","EBTM6","seed","1","1",""
"452","EBTM7","seeds","2","1",""
"453","EBTM8","seeds","15","2",""
"454","EBTM9","seed","1","1",""
"455","SAW1A","","1","1",""
"456","SAW1D","","1","1",""
"457","FIN1A","","P","2",""
"458","FIN1B","","P","2",""
"459","BC1","","122","2",""
"460","BC2","","1.6","1",""
"461","BC3A","","4.5","1",""
"462","BC3B","","P","2",""
"463","CCN1A","","R","1",""
"464","CCN2","","2.3","1",""
"465","CCN3B","","3.3","1",""
"466","CCN6","","0","0",""
"467","CHU1","","R","1",""
"468","CHU10","","R","1",""
"469","CHU2","","8.7","2",""
"470","CHU3","","5","1",""
"471","CHU4","","3.7","1",""
"472","CHU5","","R","1",""
"473","CHU6","","0","0",""
"474","CHU7A","","4.4","1",""
"475","CHU7B","","0","0",""
"476","CHU8A","","3.3","1",""
"477","CHU8B","","4","1",""
"478","CHU8C1","","X","1",""
"479","CHU8C2","","30","2",""
"480","CHU9","","9.7","2",""
"481","CL1","","1.9","1",""
"482","CL2","","17","2",""
"483","CL3","","4.5","1",""
"484","GP1","","1","1",""
"485","GP10","","67","2",""
"486","GP2","","5","1",""
"487","GP3","","19","2",""
"488","GP4","","2.3","1",""
"489","GP5","","13","2",""
"490","GP6A","","72","2",""
"491","GP9","","11","2",""
"492","GVC1A","","3.7","1",""
"493","HC1","","2.6","1",""
"494","HC2A","","16","2",""
"495","HC2B","","R","1",""
"496","HC3","spines","1220","2",""
"497","HC4","","2","1",""
"498","HC5B","","68","2",""
"499","HC6","","61","2",""
"500","HC7","","15","2",""
"501","HC8A","","R","1",""
"502","HM11B","","R","1",""
"503","HM12","","0","0",""
"504","HM13","","0","0",""
"505","HM14","","0","0",""
"506","HM15","","0","0",""
"507","HM16","","284","2",""
"508","HM1A","","R","1",""
"509","HM1B","","100","2",""
"510","HM4","","1.9","1",""
"511","HM5B","","286","2",""
"512","HM6","","510","2",""
"513","HM7A","","66","2",""
"514","HM8","","2","1",""
"515","HM9","","0","0",""
"516","NANK10","","6.7","2",""
"517","NANK1A","","83","2",""
"518","NANK2B","","11","2",""
"519","NANK4","","R","1",""
"520","NANK5","","134","2",""
"521","NANK6","","R","1",""
"522","NANK7A","","1","1",""
"523","NANK8","","0","0",""
"524","NANK9A","","7.6","2",""
"525","NANK9B","","3.6","1",""
"526","NANK9C","","3.8","1",""
"527","NANK9D","","6.2","2",""
"528","SU1","","44","2",""
"529","SU2","","23","2",""
"530","CR1A","2 leaf, 2 stem","2","2",""
"531","CR1B","1 stem","1","1",""
"532","CR1C","3 stem","3","2",""
"533","CR2A","2 wood/bark","2","2",""
"534","CR2B","1 stem","1","1",""
"535","ECHC1","1 seed","1","1",""
"536","ECHC2","2 stem, 2 leaf, 2 seed","2","2",""
"537","ECHC3","2 leaf, 2 seed","2","2",""
"538","ER2(1)","","32","2",""
"539","ER2(10)","","3","1",""
"540","ER2(2)","","1","1",""
"541","ER2(3)","","67","2",""
"542","ER2(4)","","2","1",""
"543","ER2(5)","","5","1",""
"544","ER2(6)","","2","1",""
"545","ER2(7)","","2","1",""
"546","ER2(9)","","15","2",""
"547","ER3(10)","","100","2",""
"548","ER3(13)","","26","2",""
"549","ER3(2)","","125","2",""
"550","ER3(3)","","18","2",""
"551","ER3(4)","","12","2",""
"552","ER3(6)","","37","2",""
"553","ER3(7)2","","81","2",""
"554","ER3(8)2","","126","2",""
"555","ER3(8)3","","71","2",""
"556","ER3(9)","","92","2",""
"557","ER3MOD","","4","1",""
"558","ER4","","55","2",""
"559","EV1","","3","2",""
"560","EV2A","","1","1",""
"561","EV2B","","2","2",""
"562","EV2C","","1","1",""
"563","EV3","","2","2",""
"564","EV4(1)","","1","1",""
"565","EV4(2)","","2","2",""
"566","EV4(3)","","1","1",""
"567","EV5A","","1","1",""
"568","EV5B","","1","1",""
"569","EVA150490RJT1(1)0000","","#","2",""
"570","HTH1","","3","2",""
"571","HTH2","","3","2",""
"572","HTH3(1)","","2","2",""
"573","HTH3(2)","","2","2",""
"574","FAIR1","seeds","1","1",""
"575","FAIR2","seeds","1","1",""
"576","BULL","seed","1","1",""
"577","A","leaves, seeds","+","1",""
"578","M1","leaves, twigs, flowers, seeds","+","1",""
"579","M2","achenes","+","1",""
"580","M3","involucres","+","1",""
"581","MERCR4","","0","0",""
"582","R1","leaves, twigs, flowers, seeds","+","1",""
"583","R2","achenes","+","1",""
"584","CVC1","achenes","4","1",""
"585","CVC11","cob","1","1",""
"586","CVC2","leaf tips","2","1",""
"587","CVC20","seed coats","4","1",""
"588","CVC21","10 leaf tips, 2 seed pieces","12","2",""
"589","CVC22A","leaves","3","1",""
"590","CVC3","leaves","11","2",""
"591","CVC4A","leaf tips","3","1",""
"592","CVC5","20 leaves, 7 seeds, 4 capsule pieces","33","2",""
"593","CVC8A","","P","2",""
"594","GST1","florets","4","1",""
"595","GST2","leaves","2","1",""
"596","GST3","leaves","30","2",""
"597","GST4","5 seeds, 20 leaves","25","2",""
"598","MESA1","5 seeds, 8 leaf pieces","13","2",""
"599","MESA2","20 leaves, 5 seeds","25","2",""
"600","MESA3","3 pods, 30 seds, 1 leaf","34","2",""
"601","MESA4B","leaves","15","2",""
"602","MESA5","rachilla","1","1",""
"603","MZP1","1 seed piece, 10 leaves, 1 pod piece","12","2",""
"604","MZP2","8 seed pieces, 10 leaves","18","2",""
"605","MZP3","10 leaves, 4 seed pieces","14","2",""
"606","WHF1","230 needles, 9 twigs, 4 seeds, 8 emergent needles, 3 cone scales, 3 cones","257","2",""
"607","WHF10","2 leaves, 4 seeds","6","2",""
"608","WHF2A","leaf","1","1",""
"609","WHF3","leaves","3","1",""
"610","WHF4","lemmas","2","1",""
"611","WHF6","lemmas","4","1",""
"612","BE1a","","2","2",""
"613","BE1c","","2","2",""
"614","BE2a","","2","2",""
"615","BE3a","","1","1",""
"616","BE4a","","3","2",""
"617","BE4b","","2","2",""
"618","PS1","","1","1",""
"619","TT4a","","3","2",""
"620","MB2","","5","2",""
"621","WG1","","2","2",""
"622","WG2b","","1","1",""
"623","BATS1","","0","0",""
"624","BATS2","","0","0",""
"625","BATS3","","0","0",""
"626","BOW3","seeds","2","1",""
"627","CRC1","seeds","17","2",""
"628","CRC2","seeds","10","2",""
"629","CRC3a","seeds","9","2",""
"630","CRC3b","seeds","14","2",""
"631","CRC4","seeds","2","1",""
"632","DTC1","seeds","12","2",""
"633","FWC1","seed fragments","13","2",""
"634","FWC2","seeds","4","1",""
"635","FWC3","aborted ovules","6","2",""
"636","LCL1A","","0","0",""
"637","LCL4","","0","0",""
"638","PSW1","","X","2",""
"639","RBDC2","seeds","35","2",""
"640","RBDC3","seeds/fragments","10","2",""
"641","RBDC4","seed","1","1",""
"642","RBDC5","seeds","8","2",""
"643","RBDC6","seed","1","1",""
"644","RBDC7","seeds","4","1",""
"645","SHCR1","","X","2",""
"646","SHRINE1","leaf","1","1",""
"647","STCV1","aborted ovule","1","1",""
"648","STCV2","seeds","4","1",""
"649","STCV5","seeds","6","2",""
"650","STCV7","seeds","2","1",""
"651","STCV9b","seed","1","1",""
"652","VCN25L","","1","1",""
"653","VCN30","","69","2",""
"654","VCN31","","1","1",""
"655","VCN32","","0","0",""
"656","VCN33B","","1","1",""
"657","VCN34","","0","0",""
"658","WHW10A","","0","0",""
"659","WHW4A","","27","2",""
"660","WHW5A","","35","2",""
"661","WHW5C","","96","2",""
"662","WHW6A","","0","0",""
"663","WHW7A","","0","0",""
"664","WHW8B","","0","0",""
"665","WHW9B","","0","0",""
"666","OWLR2","","1","1",""
"667","OWLR3A","","1","1",""
"668","STC1(1)","3 spines","2","2",""
"669","STC1(4)","9 capsules/22 leaves/19 seeds","3","2",""
"670","STC1(6)","4 capsules/11 fiber/3 leafbases/2 leaves/1 seed","2","2",""
"671","STC1(8)","9 capsule/5 leaves/1 seed","2","2",""
"672","STC2(11)","1 capsule/4 leaves/18 leaftips","2","2",""
"673","STC4(12)","15 capsules/2 leaves/1 leaftip","2","2",""
"674","STC7(14)","31 fiber/2 leaves/2 leaftips/18 seeds","3","2",""
"675","STC8(15)","45 capsule/30 fiber/60 leaves/21 leaftips/40 seeds","4","2",""
"676","TSE1C","","13","2",""
"677","TSE2","seed","R","1",""
"678","TSE3","","R","1",""
"679","TSE4","","R","1",""
"680","TSE5","","0","0",""
"681","TSE6A","","194","2",""
"682","TSE6B","","10","2",""
"683","TSE7A","","P","2",""
"684","TSE8A","","19","2",""
"685","TSE8B","","21","2",""
"686","TSEK1B","","1","1",""
"687","TSEK2A","","1","1",""
"688","TSEK2B","","1","1",""
"689","GPK1","","2","2",""
"690","TIC1","","0","0",""
"691","TIC10A","","1","2",""
"692","TIC10B-1","","1","2",""
"693","TIC10C","","1","2",""
"694","TIC10C-1","","1","2",""
"695","TIC10D","","1","2",""
"696","TIC11A-1","","1","2",""
"697","TIC11A-2","","1","2",""
"698","TIC11B","","1","2",""
"699","TIC11C-2","","1","2",""
"700","TIC11C-3","","1","2",""
"701","TIC12BOTA","","1","2",""
"702","TIC12BOTB","","1","2",""
"703","TIC12BOTC","","1","2",""
"704","TIC12TOPD","","1","2",""
"705","TIC12TOPE","","1","2",""
"706","TIC13A","","1","2",""
"707","TIC13B","","1","2",""
"708","TIC14","","0","0",""
"709","TIC15A","","0","0",""
"710","TIC15B","","0","0",""
"711","TIC16","","0","0",""
"712",NA,NA,NA,NA,NA
"713","TIC17TAKE2","","1","2",""
"714","TIC18A","","1","2",""
"715","TIC18B","","1","2",""
"716","TIC18C","","1","2",""
"717","TIC1MOD","","0","0",""
"718","TIC2","","1","2",""
"719","TIC4A","","1","2",""
"720","TIC4B","","1","2",""
"721","TIC4C","","1","2",""
"722","TIC4D","","0","0",""
"723","TIC6","","1","2",""
"724","TIC7","","1","2",""
"725","TIC7MOD","","0","0",""
"726","TIC8ATOP","","0","0",""
"727","TIC8ATOP2","","0","0",""
"728","TIC8BOTB","","0","0",""
"729","TIC8MID","","0","0",""
"730","TIC9C-1","","1","2",""
"731","TIC9C-2","","1","2",""
"732","TIC9C-3","","1","2",""
"733","UTIC10","","1","2",""
"734","UTIC11A","","1","2",""
"735","UTIC11B","","1","2",""
"736",NA,NA,NA,NA,NA
"737","UTIC12A","","0","0",""
"738","UTIC12C","","?","9",""
"739","UTIC1BACK","","1","2",""
"740","UTIC1FRONT","","1","2",""
"741","UTIC2A","","1","2",""
"742","UTIC2B","","1","2",""
"743","UTIC3A","","0","0",""
"744","UTIC3B","","0","0",""
"745","UTIC4","","1","2",""
"746","UTIC5A","","0","0",""
"747","UTIC5B","","0","0",""
"748","UTIC5C","","0","0",""
"749","UTIC6","","?","9",""
"750","UTIC7","","0","0",""
"751","UTIC8","","1","2",""
"752","UTIC8MOD","","0","0",""
"753","UTIC9","","0","0",""
"754","G11A","","2.30","2",""
"755","G11B","","2.66","2",""
"756","G11C","","0.99","2",""
"757","G15","","1.30","2",""
"758","G4A","","0.80","2",""
"759","G4B1","","2.91","2",""
"760","G4B2","","3.20","2",""
"761","G5","","P","2",""
"762","G6B","","1.13","2",""
"763","G6C","","1.11","2",""
"764","G7","","1.40","2",""
"765","G8","","2.10","2",""
"766","G9B","","1.51","2",""
"767","G9D","","1.38","2",""
"768","GCJ1A","2 twig","2","2",""
"769","GCJ2A","1 bract","1","1",""
"770","GCJ2B","3 stems","3","2",""
"771","GCJ3L","1 twig","1","1",""
"772","GCJ3U","2 stems","2","2",""
"773","C08MID","","X","2",""
"774","C09CVF","","X","2",""
"775","LCHNC1","","3","2",""
"776","LCHNC10","","1","1",""
"777","LCHNC2","","1","1",""
"778","LCHNC6A","","1","1",""
"779","LCHNC6B","","3","2",""
"780","LCHNC9","","1","1",""
"781","PRATTCV","Leaves, seeds","4.5","1",""
"782","RAROYO1","","1","1",""
"783","RAROYO2","","2","2",""
"784","RAROYO3","","1","1",""
"785","WCV2","","X","2",""
"786","GNSY1530","","P","2",""
"787","FIN2","","P","2",""
"788","CCCVFLOOR","","X","2",""
"789","LHCK1A","","X","2",""
"790","LHCK1B(LOOSE)","","X","2",""
"791","LHCK1B(LUMPS)","","X","2",""
"792","LHCK2","","X","2",""
"793","LHCK3","","X","2",""
"794","LHCK4","","X","2",""
"795","HAM1A","","2","2",""
"796","HAM1B","","2","2",""
"797","HAM1C","","2","2",""
"798","HAM2A","","2","2",""
"799","HAM2B","","2","2",""
"800","HAM2C","","2","2",""
"801","HO12A","floret","2","2",""
"802","HO12B","seed","2","2",""
"803","HO1B","seed, fruit, twig","2","2",""
"804","HO1C","seed, fruit, twig","2","2",""
"805","HO2A","seed, leaf or leaflet, thorn","4","2",""
"806","HO2B","seed, fruit, twig","1","1",""
"807","HO3","floret","1","1",""
"808","HO4B","leaf or leaflet, involucre","2","2",""
"809","HO5A","seed, fruit, twig","2","2",""
"810","HO5B","seed, fruit, twig","1","1",""
"811","HMTN1A","leaves, seeds","4","2",""
"812","HMTN1B","leaves, seeds","4","2",""
"813","HMTNRW","","P","2",""
"814","HTANK1","seeds","1","1",""
"815","HTANK2","leaves","1","1",""
"816","HTANK3","capsules","X","2",""
"817","HTANK5","","P","2",""
"818","HTANK6","","P","2",""
"819","NAV11","","P","2",""
"820","NAV12","","P","2",""
"821","NAV13","","P","2",""
"822","NAV14A","","1","1",""
"823","NAV14C","","1","1",""
"824","NAV14D","","2","2",""
"825","NAV14E","","1","1",""
"826","NAV15","","2","2",""
"827","NAV16B","","2","2",""
"828","NAV16C","","3","2",""
"829","NAV17","","2","2",""
"830","NAV18B","","2","2",""
"831","NAV18C","","2","2",""
"832","NAV19B","","3","2",""
"833","NAV19C","","2","2",""
"834","NAV1B","","P","2",""
"835","NAV1B1","","P","2",""
"836","NAV1C1","","1","1",""
"837","NAV1C2","","2","2",""
"838","NAV1C3","","1","1",""
"839","NAV20","","1","1",""
"840","NAV3AT","","P","2",""
"841","NAV3B","","P","2",""
"842","NAV4B","","P","2",""
"843","NAV4C","","P","2",""
"844","NAV5","","P","2",""
"845","PICCV1AB","leaves","2","2",""
"846","PICCV1D","leaves, seeds","2","2",""
"847","TTW1(1t)","","P","2",""
"848","TTW1(2a)","","P","2",""
"849","TTW1(2b)","","P","2",""
"850","TTW1(3)","","P","2",""
"851","TTW1(4)","","P","2",""
"852","TTW1(5)","","P","2",""
"853","TTW2","","P","2",""
"854","INYC1(2A)","","P","2",""
"855","HVJT1977","","1","1",""
"856","HVJT62","","2","2",""
"857","HVJT80A","","2","2",""
"858","HVJT80B","","1","1",""
"859","HVJT80C","","2","2",""
"860","HVJT84A","","3.5","2",""
"861","HVJTW30","","2","2",""
"862","HVJTW85A","","2","2",""
"863","HVJTW85B","","2","2",""
"864","HVJTW94B","","3","2",""
"865","HVJTW95B","","3","2",""
"866","ICV16","","3.5","2",""
"867","ICV20","","2","2",""
"868","ICV49","","2","2",""
"869","ICV60B","","1","1",""
"870","ICVE90","","2","2",""
"871","JUMR22","","2","2",""
"872","JUMR26","","2.5","2",""
"873","JUMR39A","","2","2",""
"874","JUMR39B","","1","1",""
"875","JUMR39C","","2","2",""
"876","JUMR39D","","4","2",""
"877","JUMR39E","","2","2",""
"878","JUMR42","","2","2",""
"879","JUMR53","","1","1",""
"880","JUMRN68","","5","2",""
"881","JUMRN74","","2.5","2",""
"882","JUMRN77","","2","2",""
"883","KEYR1A","","1","1",""
"884","KEYR1B","","2.5","2",""
"885","KEYR97A1","","1","1",""
"886","KEYR97A2","","1","1",""
"887","MALH1A","","3","2",""
"888","MALH1B","","2","2",""
"889","MASTP1B","","2","2",""
"890","SKRN40B","","3","2",""
"891","SKRN41","","2","2",""
"892","SPLTRE38A","","2","2",""
"893","BCP1","","*","1",""
"894","BCP2","","P","2",""
"895","BUC1(1)","leaves, epidermis","1","1",""
"896","BUC1(3)","leaves, marginal prickles","3","2",""
"897","BUC1(6)","leaves, marginal prickles","1","1",""
"898","GH1B","","1","1",""
"899","HAG","","3","2",""
"900","HK2","","4","2",""
"901","FRC510","foliage","P","2",""
"902","FRC514","foliage","P","2",""
"903","FRC537","foliage","P","2",""
"904","FRC63","foliage","P","2",""
"905","LB1100","","P","2",""
"906","LB1600","","P","2",""
"907","LB1860","","P","2",""
"908","LB2020","","P","2",""
"909","LB2320","","P","2",""
"910","LB2900","","P","2",""
"911","LB4060","capsules, seeds, leaves","+++","2",""
"912","LCR1(2)","","217","2",""
"913","LCR1(3)","","1","1",""
"914","LCR1MOD","","12","2",""
"915","GB3","2 spikelets",".001","1",""
"916","HI6","1 seed",".001","1",""
"917","HI7","seed fragment",".003","2",""
"918","HL5","1 spikelet",".001","1",""
"919","LD2","twigs",".007","2",""
"920","PA1","3 seeds",".113","2",""
"921","PA4","1 seed",".001","1",""
"922","LEM27","achene","1","1",""
"923","LEM28","achene","1","1",""
"924","LEM30","seeds","7","2",""
"925","LEM36A","seed fragments","5","1",""
"926","LEM36B","seed fragments","89","2",""
"927","LO1c","","1","1",""
"928","LO2b","","2","2",""
"929","LO3","","3","2",""
"930","TB1a","","1","1",""
"931","TB2","","4","2",""
"932","LBM1","seeds","3","1",""
"933","LL1","","0","0",""
"934","SHAFT1A","","P","2",""
"935","SHAFT1B","leaf tips","1","1",""
"936","LRM32","1 head, 11 follicle fragments","12","2",""
"937","LRM34","seeds","6","2",""
"938","KC1B","","X","1",""
"939","KC1C","","X","1",""
"940","KC3","","61","2",""
"941","KC5A1","","4.9","1",""
"942","KC5A2","",".9","1",""
"943","KC7","","6.9","2",""
"944","KC8A","","3.6","1",""
"945","LP1","","++","1",""
"946","LV1","","+","1",""
"947","LV10","","*","2",""
"948","LV11","","+++","2",""
"949","LV12","","+++","2",""
"950","LV13","","++","1",""
"951","LV14","","+","1",""
"952","LV15","","++","1",""
"953","LV2","","++","1",""
"954","LV3","","+++","2",""
"955","LV4","","++","1",""
"956","LV5","","++","1",""
"957","LV6","","+","1",""
"958","LV7","","+","1",""
"959","LV8","","++","1",""
"960","LV9","","++","1",""
"961","N","leaves, seeds","+","1",""
"962","OM1","","+","1",""
"963","SUNC1","","+","1",""
"964","LLBFP1C6","","2","2",""
"965","LLBFP2(12)","","2","2",""
"966","LLBFPFLAT9","","2","2",""
"967","LLBFPO10","","4","2",""
"968","LLBFPSEO11","","3","2",""
"969","LLBFPSWL8","","2","2",""
"970","LLBFPSWU7","","2","2",""
"971","LLNSNE14","","2","2",""
"972","LLNSNEB15","","2","2",""
"973","LLSNE2","","5","2",""
"974","LLSNE3","","2","2",""
"975","LLSNE4","","3","2",""
"976","LLSNE5","","2","2",""
"977","MM1","","1","1",""
"978","MM2","","2","2",""
"979","MM3","","1","1",""
"980","MM4(2)","","1","1",""
"981","MM4(3)","","1","1",""
"982","MM5(1)","","2","2",""
"983","MM5(2)","","2","2",""
"984","MM6","","3","2",""
"985","MM7(1)","","1","1",""
"986","MM7(2)","","0","9",""
"987","MM9(1)","","1","1",""
"988","MM9(1)2","","1","1",""
"989","MM9(2)","","1","1",""
"990","MR-1(1)1","","26","2",""
"991","MR-1(1)2","","83","2",""
"992","MR-3(1)","","2","1",""
"993","MR-3(3)","","2","1",""
"994","MR-3(4)","","1","1",""
"995","MR-3(5)","","2","1",""
"996","MR-3m","","2","1",""
"997","ET1","","*","1",""
"998","ET2B","","*","1",""
"999","ET2T","","*","1",""
"1000","ET3","","*","1",""
"1001","ET4","","*","1",""
"1002","ET5","","*","1",""
"1003","ET6","","*","1",""
"1004","ET7","","*","1",""
"1005","FRT1","","*","1",""
"1006","FRT2","","*","1",""
"1007","ST1","","*","1",""
"1008","ST2","","*","1",""
"1009","ST3","","*","1",""
"1010","MEM1B","","P","2",""
"1011","SAV2(1)1","","2","2",""
"1012","SAV2(3)2","","1","1",""
"1013","SAV2(3)3","","1","1",""
"1014","SAV3(1)","","1","1",""
"1015","SAV3(2)","","1","1",""
"1016","WRF1A","1 stems","1","1",""
"1017","WRF1B","1 seed","1","1",""
"1018","W78","","0","0",""
"1019","NBSL1","","3","2",""
"1020","NBSL3","","3","2",""
"1021","NBSL5","","1","1",""
"1022","CD1A","","2","2",""
"1023","CD1B","","2","2",""
"1024","CD1C","","1","1",""
"1025","CD1E","","1","1",""
"1026","CD1F","","2","2",""
"1027","CD1G","","2","2",""
"1028","CD1H","","2","2",""
"1029","JW1","","2","2",""
"1030","JW2","","-2","1",""
"1031","JW4","","1","1",""
"1032","JW5","","-2","1",""
"1033","JW6","","1","1",""
"1034","JW7","","2","2",""
"1035","JW8","","2","2",""
"1036","LCHA1","","2","2",""
"1037","LCHA2","","2","2",""
"1038","LM1A","","2","2",""
"1039","LM1B","","1","1",""
"1040","LM1C","","-2","1",""
"1041","LM1D","","1","1",""
"1042","UPC2A","","2","2",""
"1043","UPC2B","","1","1",""
"1044","UPC2C","","2","2",""
"1045","UPC2D","","2","2",""
"1046","UPCA3A","","2","2",""
"1047","UPCA3B","2 species","3","2",""
"1048","UPCA3C","","1","1",""
"1049","UPCA3D","","1","1",""
"1050","UPCA3E","","2","2",""
"1051","UPCA3F","","1","1",""
"1052","UPCA3G","","2","2",""
"1053","UPCA3H","","2","2",""
"1054","UPCA3I(U)","","2","2",""
"1055","UPCA3J","","2","2",""
"1056","UPCA4A(L)","","3","2",""
"1057","UPCA4AS","","3","2",""
"1058","UPCA4B","","1","1",""
"1059","UPCA4C","","2","2",""
"1060","UPCA4D","","1","1",""
"1061","WAFV1","","-2","1",""
"1062","WAFV2","","2","2",""
"1063","WAFV3","","2","2",""
"1064","RIB060795PEW4(1,A)","","#","2",""
"1065","RIB060795PEW4(1,B)","","#","2",""
"1066","RIB060795PEW4(1,C)","","#","2",""
"1067","FMC10A","","1","1",""
"1068","FMC10C","","1","1",""
"1069","FMC11A(1)","","1","1",""
"1070","FMC11A(2)","","1","1",""
"1071","FMC11B","","1","1",""
"1072","FMC12B","","1","1",""
"1073","FMC3","","P","2",""
"1074","FMC4","","P","2",""
"1075","FMC5a","","P","2",""
"1076","FMC5b","","P","2",""
"1077","FMC6","","P","2",""
"1078","FMC7(1)","","1","1",""
"1079","FMC7(3)","","2","2",""
"1080","FMC8A","","1","1",""
"1081","FMC9A","","2","2",""
"1082","LSM091282LP1(1)","","X","2",""
"1083","LSM141282RR1(1)","","X","2",""
"1084","LSM151182LP1(1)","","X","2",""
"1085","LSM151182LP1(2,1)","","X","2",""
"1086","LSM151182LP1(2,2)","","X","2",""
"1087","LSM151182LP1(2,3)","","X","2",""
"1088","LSM151182LP1(2,4)","","X","2",""
"1089","LSM151182LP1(3,1)","","X","2",""
"1090","LSM151182LP1(3,2)","","X","2",""
"1091","LSM151182LP1(4)","","X","2",""
"1092","STW220594ARM1(1,2)bt","","P","2",""
"1093","STW220594ARM1(1,2)up","","P","2",""
"1094","STW220594ARM1(1,3)","","P","2",""
"1095","STW220594ARM1(1,4)","","#","2",""
"1096","NEWWM2","fruit, epidermis","3","2",""
"1097","NEWWM4","seed","1","1",""
"1098","NEWWM7","seeds","1","1",""
"1099","NBM1","","P","2",""
"1100","NBM10","","P","2",""
"1101","NBM12","","P","2",""
"1102","NBM13","","P","2",""
"1103","NBM14","","P","2",""
"1104","NBM15","","P","2",""
"1105","NBM16","","P","2",""
"1106","NBM18","","P","2",""
"1107","NBM22","","P","2",""
"1108","NBM23","","P","2",""
"1109","NBM25","","P","2",""
"1110","NBM26","","P","2",""
"1111","NBM27","","P","2",""
"1112","NBM28","","P","2",""
"1113","NBM29","","P","2",""
"1114","NBM3(1)","","P","2",""
"1115","NBM3(2)","","P","2",""
"1116","NBM30","","P","2",""
"1117","NBM4","","P","2",""
"1118","NBM5","","P","2",""
"1119","NBM6","","P","2",""
"1120","NBM7","","P","2",""
"1121","NBM8","","P","2",""
"1122","NBM9","","P","2",""
"1123","W84","","0","0",""
"1124","NBC","","P","2",""
"1125","DBC1(1)","","2","2",""
"1126","DBC4(2)","","2","2",""
"1127","MUDMT1","","P","2",""
"1128","MUDMT2","","P","2",""
"1129","W76","","0","0",""
"1130","W77","","0","0",""
"1131","BCAP1","flowers","2","2",""
"1132","BCAP2","","3","2",""
"1133","BCAP3","flowers","3","2",""
"1134","BCAP4","seeds","2","2",""
"1135","SHCV2A","","2","2",""
"1136","SHCV2B","","3","2",""
"1137","SHCV2E","","2","2",""
"1138","SHCVGS1","","2","2",""
"1139","SHCVGS2","","1","1",""
"1140","SHCVGS3","","5","2",""
"1141","SHCVT2","","+","2",""
"1142","SHCVT4","","1","1",""
"1143","SHCVT5","","1","1",""
"1144","ROC3","leaves","1","1",""
"1145","ROC4","seeds","2","2",""
"1146","ROC4-14","leaves","1","1",""
"1147","ROC5B","seeds","2","2",""
"1148","ROC5L","seeds","3","2",""
"1149","ROC5U","seeds","3","2",""
"1150","DHOC020469PJM1(1)","","#","2",""
"1151","DHOC020469PJM1(2)","","#","2",""
"1152","DHOC020469PJM1(3)","","#","2",""
"1153","DHOC150589PEW1(1)AM","","#","2",""
"1154","DHOC150589PEW1(1)CU","","#","2",""
"1155","DHOC150589PEW2(1)","","#","2",""
"1156","DHOC210594ARM8","","#","2",""
"1157","DHOC210594MLH7(1)A","","#","2",""
"1158","DHOC210594MLH7(1)B","","#","2",""
"1159","DHOC210594MLH7(1)C","","#","2",""
"1160","DHOC210594MLH7(5)CF","","#","2",""
"1161","DHOC210594PEW4(1)TP","","#","2",""
"1162","DHOC210594PEW5(2)","","#","2",""
"1163","OCN1","","P","2",""
"1164","OCN2","","P","2",""
"1165","OCN3","","P","2",""
"1166","OCN4","","P","2",""
"1167","OCN5","","P","2",""
"1168","OCN6A","","P","2",""
"1169","OCN6B","","P","2",""
"1170","OCN6C","","P","2",""
"1171","WRC171A","floret","1","1",""
"1172","WRC172","seed","2","2",""
"1173","WRC173","seed","2","2",""
"1174","WRC181A","leaf","2","2",""
"1175","WRC181C","3leaf/2seed/2stem","3","2",""
"1176","WRC182","seed","2","2",""
"1177","WRC183","seed","2","2",""
"1178","WRC207B","seed","1.5","1",""
"1179","WRC208","seed","1","1",""
"1180","WRC212","seed","2","2",""
"1181","WRC240","seed","5","2",""
"1182","WRC241B","seed","2","2",""
"1183","WRC242","seed","3","2",""
"1184","W1","","0","0",""
"1185","PAH100588PEW1(1)","","#","2",""
"1186","PAH100588PEW1(2,1)b","","#","2",""
"1187","PAH100588PEW1(2,2)m","","#","2",""
"1188","PAH100588PEW1(2,3)m","","#","2",""
"1189","PAH100588PEW1(2,4)fr","","#","2",""
"1190","PAH100588PEW1(3)","","#","2",""
"1191","PAH100588PEW1(4,1)","","#","2",""
"1192","PAH100588PEW1(4,2)","","#","2",""
"1193","PAH100588PEW1(5,1)","","#","2",""
"1194","PAH100588PEW1(5,2)","","#","2",""
"1195","PAH100588PEW1(5,3)","","#","2",""
"1196","PAH100588PEW1(5,t1)","","#","2",""
"1197","PAH100688PEW1(3,1)","","#","2",""
"1198","PAH100688PEW1(3,2)","","#","2",""
"1199","PAH100688PEW1(4,A)","","#","2",""
"1200","PAH101189MJ1","","P","2",""
"1201","PAH240594PEW1(1,1)","","#","2",""
"1202","PAH240594PEW1(1,2)","","#","2",""
"1203","PAH271087PEW1(1)","","#","2",""
"1204","PAH271087PEW1(2,1)","","#","2",""
"1205","PAH271087PEW1(2,2)","","#","2",""
"1206","PAH110688PEW3(1)","","#","2",""
"1207","PAH110688PEW3(3)","","#","2",""
"1208","PAH230594ARM1(1)SSIDE","","#","2",""
"1209","PAH230594ARM1(2)","","#","2",""
"1210","PAH230594PEW3(1,2)B","","#","2",""
"1211","PAH230594PEW4(1,1)","","#","2",""
"1212","PAH110688PEW1(3)bt","","#","2",""
"1213","PAH110688PEW1(6,1)bt","","#","2",""
"1214","DBLC180595JPB1(1)","","#","2",""
"1215","SCA1(1)","","1","1",""
"1216","SCA1(2)","","1","1",""
"1217","SCA2A","","2","2",""
"1218","SCA3","","3","2",""
"1219","SCA4","","1","1",""
"1220","SCA5(1)","","1","1",""
"1221","SCA5(2)","","2","2",""
"1222","DV10230","","+","2",""
"1223","DV11210","","+","2",""
"1224","DV13060","","+","2",""
"1225","DV17130","","+","2",""
"1226","DV19550","","++","2",""
"1227","DV1990","","+++","2",""
"1228","DV900","","+++","2",""
"1229","DV9090","","+","2",""
"1230","DV9455","","++","2",""
"1231","VWC17D","","2","2",""
"1232","WDC10A","","1","1",""
"1233","WDC10B","","2","2",""
"1234","WDC14A","","2","2",""
"1235","WDC14B","","2","2",""
"1236","WDC14C","","2","2",""
"1237","WDC15B","","1","1",""
"1238","WDC15C","","2","2",""
"1239","WDC15D","","2","2",""
"1240","WDC15E","","1","1",""
"1241","WDC15F","","1","1",""
"1242","WDC15G","","2","2",""
"1243","WDC15H","","2","2",""
"1244","WDC16","","2","2",""
"1245","WDC20B","","2","2",""
"1246","WDC23A","","2","2",""
"1247","WDC23B","","2","2",""
"1248","WDC24A","","2","2",""
"1249","WDC24B","","1","1",""
"1250","WDC31","","2","2",""
"1251","WDC32A","","2","2",""
"1252","WDC32B","","1","1",""
"1253","WDC32C","","1","1",""
"1254","WDC32D","","3.5","2",""
"1255","WDC32E","","1","1",""
"1256","WDC32F","","2","2",""
"1257","WDC32G","","1","1",""
"1258","WDC32H","","2","2",""
"1259","WDC34A","","1","1",""
"1260","WDC34B","","1","1",""
"1261","WDC34C","","2","2",""
"1262","WDC37B","","1","1",""
"1263","WDC38A","","2","2",""
"1264","WDC38B","","1","1",""
"1265","WDC38C","","3","2",""
"1266","WDC38D","","1","1",""
"1267","WDC40A","","2","2",""
"1268","WDC40C","","2","2",""
"1269","WDC42","","2","2",""
"1270","WDC43","","2","2",""
"1271","WDC4A","","2","2",""
"1272","WDC4B","","2","2",""
"1273","WDC57A","","2","2",""
"1274","WDC57B","","1","1",""
"1275","WDC57C","","1","1",""
"1276","WDC57D","","2","2",""
"1277","WDC57E","","2","2",""
"1278","WDC66A","","2","2",""
"1279","WDC9A","","3","2",""
"1280","WDC9B","","2","2",""
"1281","WDC9C","","3.5","2",""
"1282","WDC9D","","2","2",""
"1283","WDCC91A","","2","2",""
"1284","WDCC91B","","1","1",""
"1285","WDCC91C","","2","2",""
"1286","ICC1","","3","2",""
"1287","ICC3D","","1","1",""
"1288","PQC","","1","1",""
"1289","PP1A","leaves","1","1",""
"1290","PP1B","floret","2","2",""
"1291","PP1D","floret","2","2",""
"1292","PP1E","floret","2","2",""
"1293","PCPK1","","(3)","2",""
"1294","PCPK10","","0.1","1",""
"1295","PCPK11","","0.1","1",""
"1296","PCPK15","","0.3","2",""
"1297","PCPK16","","0.5","2",""
"1298","PCPK17A","","0.7","2",""
"1299","PCPK17B","","0.1","1",""
"1300","PCPK17D1","","X","2",""
"1301","PCPK17D2","","P","2",""
"1302","PCPK17E","","X","2",""
"1303","PCPK18","","2","2",""
"1304","PCPK21","","0.5","2",""
"1305","PCPK22","","0.1","1",""
"1306","PCPK23B","","0.1","1",""
"1307","PCPK24","","0.1","1",""
"1308","PCPK25","","2","2",""
"1309","PCPK26","","7","2",""
"1310","PCPK3A","","(1)","1",""
"1311","PCPK4","","(2)","2",""
"1312","PCPK5B","","1","2",""
"1313","PCPK5D","","0.6","2",""
"1314","PCPK6B","","1","2",""
"1315","PCPK7","","0.1","1",""
"1316","PCPK8C","","1","2",""
"1317","PCPK9B","","5","2",""
"1318","KS1","","3","2",""
"1319","KS2","","1","1",""
"1320","NP1","4 needle","4","2",""
"1321","NP2","1 bract","1","1",""
"1322","PATP1","1 leaf","1","1",""
"1323","PATP2","","4","2",""
"1324","PATP3","1 twigs","1","1",""
"1325","Raven1a","","1","1",""
"1326","Raven1b","","2","2",""
"1327","Raven1c","","1","1",""
"1328","Raven2","","1","1",""
"1329","PWC","","0","0",""
"1330","PWPEW6480","","P","2",""
"1331","CTLS","","0","0",""
"1332","GSP1","","2","2",""
"1333","GSP3","2 seed","2","2",""
"1334","BP108A1","","P","2",""
"1335","EP178","","P","2",""
"1336","EP179B","","P","2",""
"1337","AL1A","","2","2",""
"1338","AL1D","","1","1",""
"1339","AL1G","","2","2",""
"1340","AL2B","","2","2",""
"1341","AL2C","","2","2",""
"1342","AL3A","","2","2",""
"1343","AL4","","1","1",""
"1344","AL5B","","1","1",""
"1345","AL6B","","3","2",""
"1346","AL6C","","1","1",""
"1347","CP1A","","2","2",""
"1348","CP1B","","3","2",""
"1349","CP1C","","2","2",""
"1350","CP2","","2","2",""
"1351","TP1","","2","2",""
"1352","TP2","","1","1",""
"1353","TP3","","2","2",""
"1354","TP4","","2","2",""
"1355","TP5","","3","2",""
"1356","TP6","","2","2",""
"1357","TP7","","2","2",""
"1358","DV11600","leaves, twigs, flowers, seeds","++","2",""
"1359","QM1","pods, seeds","2","2",""
"1360","QM2","","P","2",""
"1361","BH1","","P","2",""
"1362","BH2","","P","2",""
"1363","BH3A","","P","2",""
"1364","BRC1F","cone, nuts, leaves","P","2",""
"1365","WCC(JN940)","foliage","0","0",""
"1366","WCC(JN941)","foliage","0","0",""
"1367","WCC(JN942)","foliage","0","0",""
"1368","WCC(JN943)","foliage","1","2",""
"1369","WCC(JN944)","foliage","0","0",""
"1370","WCC(JN945)","foliage","0","0",""
"1371","WCC(JN946)","foliage","0","0",""
"1372","WCC(JN947)","foliage","0","0",""
"1373","WCC(JN948)","foliage","0","0",""
"1374","WCC(JN950)","foliage","0","0",""
"1375","WCC(JN951)","foliage","0","0",""
"1376","WCC(JN952)","foliage","0","0",""
"1377","WCC(JN953)","foliage","0","0",""
"1378","WCC(JN954)","foliage","1","2",""
"1379","WCC(JN955)","foliage","0","0",""
"1380","WCC(JN957)","foliage","0","0",""
"1381","WCC(JN958)","foliage","1","2",""
"1382","WCC(JN959)","foliage","0","0",""
"1383","WCC(JN960)","foliage","0","0",""
"1384","WCC(JN961)","foliage","0","0",""
"1385","WCC(JN962)","foliage","0","0",""
"1386","WCC(JS457)","foliage","1","2",""
"1387","WCC(JS458)","foliage","1","2",""
"1388","WCC(JS492)","foliage","0","0",""
"1389","WCC(JS493)","foliage","0","0",""
"1390","WCC(JS494)","foliage","0","0",""
"1391","WCC(JS965)","foliage","0","0",""
"1392","WCC(JS966)","foliage","0","0",""
"1393","WCC(JS967)","foliage","0","0",""
"1394","WCC(JS968)","foliage","0","0",""
"1395","WCC(JS969)","foliage","0","0",""
"1396","WCC(JS970)","foliage","0","0",""
"1397","WCC(JS971)","foliage","0","0",""
"1398","WCC(JS972)","foliage","0","0",""
"1399","WCC(JS973)","foliage","0","0",""
"1400","WCC(JS974)","foliage","0","0",""
"1401","WCC(JS975)","foliage","0","0",""
"1402","WCC(JS976)","foliage","0","0",""
"1403","WCC(JS978)","foliage","0","0",""
"1404","WCC(JS979)","foliage","1","2",""
"1405","WCC(JS980)","foliage","0","0",""
"1406","WCC(JS981)","foliage","0","0",""
"1407","CT1(1)","","1","1",""
"1408","CT1(2)","","1","1",""
"1409","FLM1","","1","1",""
"1410","FLM2","","1","1",""
"1411","LONGCNS1","flowers, leaves","x","1",""
"1412","PH1(1)","","1","1",""
"1413","PH1(3)","","1","1",""
"1414","PH2(1)","","1","1",""
"1415","PH2(2)","","1","1",""
"1416","PH3(2)","","3","2",""
"1417","PH3(3)","","2","2",""
"1418","SOC1(1)","flowers, leaves","x","1",""
"1419","SOC1(2)","flowers, leaves","x","1",""
"1420","SOC1(3)","flowers, leaves","2","2",""
"1421","SOC1(4)1","leaves, seeds","x","1",""
"1422","SOC1(4)2","","1","1",""
"1423","SOC1(5)","flowers, leaves","x","1",""
"1424","WW1A","","1","1",""
"1425","WW1B","","1","1",""
"1426","WW2","","3","2",""
"1427","WW4A","","1","1",""
"1428","WW4B","","1","1",""
"1429","WW4C(1)","","1","1",""
"1430","WW4C(2)","","2","2",""
"1431","WW4D","","2","2",""
"1432","WW4E","","1","1",""
"1433","BDR3","","1","1",""
"1434","BDR5","","P","2",""
"1435","BB1C","","1","1",""
"1436","BB2","","2","2",""
"1437","BB3","","3","2",""
"1438","DC1","","3","2",""
"1439","MC1A","","2","2",""
"1440","MC1C","","1","1",""
"1441","MC2","","2","2",""
"1442","MC3A","","1","1",""
"1443","MC3B","","2","2",""
"1444","MC4A","","3","2",""
"1445","MC4B","","3","2",""
"1446","MC5","","3","2",""
"1447","SA1","","4","2",""
"1448","SA2","","3","2",""
"1449","SA3","","2","2",""
"1450","RC1B","","2","2",""
"1451","RC1C","","4","2",""
"1452","RC2A","","2","2",""
"1453","RC2D","","3","2",""
"1454","RC3A","","2","2",""
"1455","RC4","","3","2",""
"1456","RC5B","","2","2",""
"1457","RC6A","","1","1",""
"1458","RC6B","","2","2",""
"1459","TT1","","2","2",""
"1460","TT2A","","1","1",""
"1461","TT2B","","1","1",""
"1462","TT3","","2","2",""
"1463","STM1(1)2","leaves, seeds","2","2",""
"1464","PONT2","","P","2",""
"1465","PONT4A","","P","2",""
"1466","PONT6","","P","2",""
"1467","COR1B","1 seed","1","1",""
"1468","VV1","","1","1",""
"1469","VV3","","2","2",""
"1470","ROBRST1C","fruit, leaves","3","2",""
"1471","ROBRST1D","leaves","2","2",""
"1472","ROBRST2A","leaves","2","2",""
"1473","SB1A","florets","1","1",""
"1474","SB1B","florets","2","2",""
"1475","SB1C","florets","2","2",""
"1476","SB1D","involucre, leaves","1","1",""
"1477","SB1E","involucre, leaves","3","2",""
"1478","SB1F","involucre, leaves","2","2",""
"1479","SB1H","involucre, leaves","2","2",""
"1480","SB1J","involucre, leaves","1","1",""
"1481","SB2C","involucre, leaves","2","2",""
"1482","SB2F","involucre, leaves","2","2",""
"1483","SB3","achenes","2","2",""
"1484","CHP2B","","P","2",""
"1485","CHP3U","","P","2",""
"1486","CHP4","","P","2",""
"1487","GUADC100B","","2","2",""
"1488","GUADC13","","2","2",""
"1489","GUADC16A","","5","2",""
"1490","GUADC16C","","2","2",""
"1491","GUADC18","","2","2",""
"1492","GUADC1A","","2","2",""
"1493","GUADC1B","","5","2",""
"1494","GUADC23C","","5","2",""
"1495","GUADC27","","2","2",""
"1496","GUADC28A","","1","1",""
"1497","GUADC3","","2","2",""
"1498","GUADC30B","","5","2",""
"1499","GUADC31","","2","2",""
"1500","GUADC32","","2","2",""
"1501","GUADC33A","","5","2",""
"1502","GUADC33B","","5","2",""
"1503","GUADC33C","","5","2",""
"1504","GUADC33E","","5","2",""
"1505","GUADC33F","","5","2",""
"1506","GUADC34","","5","2",""
"1507","GUADC41B","","2","2",""
"1508","GUADC48A","","4.5","2",""
"1509","GUADC50A","","5","2",""
"1510","GUADC50B","","4","2",""
"1511","GUADC50C","","4.5","2",""
"1512","GUADC50D","","5","2",""
"1513","GUADC51B","","5","2",""
"1514","GUADC57B","","1","1",""
"1515","GUADC57C","","5","2",""
"1516","GUADC78","","2","2",""
"1517","GUADC79A","","2","2",""
"1518","GUADC79B","","1","1",""
"1519","GUADC7A","","5","2",""
"1520","GUADC8","","1","1",""
"1521","GUADC84","","5","2",""
"1522","GUADC92","","2","2",""
"1523","GUADC94B","","2","2",""
"1524","GUADC96","","2","2",""
"1525","GUADC97A","","2","2",""
"1526","GUADC97B","","2","2",""
"1527","GUADC97C","","2","2",""
"1528","GUADC97D","","5","2",""
"1529","GUADC98B","","2","2",""
"1530","GUADC99","","2","2",""
"1531","CANB609","","2","2",""
"1532","CANB610","","2","2",""
"1533","CANB611","","2","2",""
"1534","CANB614A","","2","2",""
"1535","CANB614B","","2","2",""
"1536","CANB621","","3","2",""
"1537","CANB622","","2","2",""
"1538","CANB623A","","2","2",""
"1539","CANB623B","","2","2",""
"1540","CANB624","","3","2",""
"1541","CANB642","","5","2",""
"1542","CAND601","","2","2",""
"1543","CAND625","","3","2",""
"1544","CAND626","","2.5","2",""
"1545","CAND643B","","2","2",""
"1546","DWC628","","2.5","2",""
"1547","DWC629A","","1","1",""
"1548","DWC629B","","2","2",""
"1549","DWC630","","5","2",""
"1550","DWC631","","1","1",""
"1551","DWC644A","","1","1",""
"1552","DWC644C","","2","2",""
"1553","DWC646B","","2.5","2",""
"1554","DWC646C","","2","2",""
"1555","DWC648A","","2","2",""
"1556","DWC943","","1","1",""
"1557","DWC945B","","1","1",""
"1558","DWC945C","","3","2",""
"1559","DWC946","","1","1",""
"1560","DWC950","","2","2",""
"1561","DWC959B","","2","2",""
"1562","DWC971","","2","2",""
"1563","DWC972A","","5","2",""
"1564","DWC985","","1","1",""
"1565","WFC963","","2","2",""
"1566","WFC970A","","2","2",""
"1567","WFD951A","","2","2",""
"1568","WFD951C","","4","2",""
"1569","CHBR1","","P","2",""
"1570","CHBR3","","P","2",""
"1571","CHBR4","","P","2",""
"1572","CHBR5","","P","2",""
"1573","NSL1","","P","2",""
"1574","SKB1","1 bract","1","1",""
"1575","SIC1","","1","1",""
"1576","SIC2a","","5","2",""
"1577","SIC2b","","3","2",""
"1578","SIC2c","1 bract","1","1",""
"1579","WP2","nutlet","1","1",""
"1580","WP4","florets","2","2",""
"1581","WP5","floret","1","1",""
"1582","SKH1A(12)","","P","2",""
"1583","SKH1A(2)","","P","2",""
"1584","SKH1B(1)","","P","2",""
"1585","SKH1B(2)","","P","2",""
"1586","SKH1MOD","","P","2",""
"1587","SKH2(1)","","P","2",""
"1588","SKH2(2)","","P","2",""
"1589","SKH2(4)","","P","2",""
"1590","SKH2(5)","","P","2",""
"1591","SKH2(6)1","","P","2",""
"1592","SKH2(6)2","","P","2",""
"1593","SKH3","","P","2",""
"1594","SKH4A(1)","","P","2",""
"1595","SKH4A(3)","","P","2",""
"1596","SKH4B(1)","","P","2",""
"1597","SKH4C(1)","","P","2",""
"1598","SMCK110389CLN1(1)tp","","X","2",""
"1599","SMCK110389CLN1(1,1)","","X","2",""
"1600","SMCK110389CLN2(1,1)","","X","2",""
"1601","SMCK110389CLN3(1)","","X","2",""
"1602","SMCK150589CLN1(1)","","X","2",""
"1603","AC2A","","2","2",""
"1604","AC4","","2","2",""
"1605","AC6","","2","2",""
"1606","AC8","","3","2",""
"1607","AC9","","2","2",""
"1608","BARM1","","4","2",""
"1609","CH1A","","2","2",""
"1610","CH1B","","2","2",""
"1611","LC1","","5","2",""
"1612","LC2A","","2","2",""
"1613","LC2B","","3","2",""
"1614","LC2C","","2","2",""
"1615","LC3","","3","2",""
"1616","LC4","","1","1",""
"1617","LC6","","2","2",""
"1618","LC7","","2","2",""
"1619","LCMOD","","3","2",""
"1620","LCMOD(J2)","twig","P","2",""
"1621","LCMOD(S)","twig","P","2",""
"1622","OM1C","","2","2",""
"1623","SC1","","3","2",""
"1624","SC2","","1","1",""
"1625","SC3","","2","2",""
"1626","SC4","","4","2",""
"1627","SC5","","2","2",""
"1628","SV1","","4","2",""
"1629","SV2","","3","2",""
"1630","SV3","","4","2",""
"1631","W14C(10)","","0","0",""
"1632","W14C(11)","","0","0",""
"1633","W14C(12)","","0","0",""
"1634","W14C(13)","","0","0",""
"1635","W14C(14)","","0","0",""
"1636","W14C(15)","","0","0",""
"1637","W14C(16)","","0","0",""
"1638","W14C(17)","","0","0",""
"1639","W14C(18)","","0","0",""
"1640","W14C(19)","","0","0",""
"1641","W14C(2)","","0","0",""
"1642","W14C(20)","","0","0",""
"1643","W14C(21)","","0","0",""
"1644","W14C(22)","","0","0",""
"1645","W14C(23)","","0","0",""
"1646","W14C(24)","","0","0",""
"1647","W14C(25)","","0","0",""
"1648","W14C(26)","","0","0",""
"1649","W14C(27)","","3","1",""
"1650","W14C(28)","","","TD","/TR"
"1651","W14C(29)","","0","0",""
"1652","W14C(3)","","0","0",""
"1653","W14C(4)","","0","0",""
"1654","W14C(5)","","0","0",""
"1655","W14C(6)","","0","0",""
"1656","W14C(7)","","0","0",""
"1657","W14C(8)","","0","0",""
"1658","W14C(9)","","0","0",""
"1659","LT","seeds","4","1",""
"1660","LTM17","60 spines, 2 fascicles, 9 epidermal fragments","71","2",""
"1661","LTM18","achenes","2","1",""
"1662","LTM25","achenes","2","1",""
"1663","TB","seeds","4","1",""
"1664","GA1","","2","2",""
"1665","GA2","","2","2",""
"1666","TN","","P","2",""
"1667","SPC1(1)","","6","2",""
"1668","SPC1(2)","","55","2",""
"1669","SPC2(10)","","4","1",""
"1670","SPC2(11)1","","2","1",""
"1671","SPC2(11)2","","57","2",""
"1672","SPC2(12)","","14","2",""
"1673","SPC2(2)1","","4","1",""
"1674","SPC2(2)2","","1","1",""
"1675","SPC2(3)","","61","2",""
"1676","SPC2(6)","","44","2",""
"1677","SPC2(8)","","1","1",""
"1678","SPC2MOD","","4","1",""
"1679","SPC3A(2)","","1","1",""
"1680","SPC3A1","","91","2",""
"1681","SPC3B","","2","1",""
"1682","S1","leaves, seeds","+","1",""
"1683","S2","leaves, seeds","+","1",""
"1684","POTSI2A1","","P","2",""
"1685","POTSI2A2","","P","2",""
"1686","POTSI2B1","","P","2",""
"1687","POTSI2C1","","P","2",""
"1688","POTSI2C2","","P","2",""
"1689","DG1a","","2","2",""
"1690","OJC","seeds","4","1",""
"1691","TR160987PEW1(1)","","#","2",""
"1692","TINJ11","","P","2",""
"1693","TINJ12A","","P","2",""
"1694","TINJ13A","","P","2",""
"1695","TINJ13B","","P","2",""
"1696","TINJ14","","P","2",""
"1697","TINJ15A","","P","2",""
"1698","TINJ15B","","P","2",""
"1699","TINJ15B1","","P","2",""
"1700","TINJ16","","P?","9",""
"1701","TINJ16A","","P","2",""
"1702","TINJ16B","","P?","9",""
"1703","TINJ16C","","P","2",""
"1704","TINJ18A","","P","2",""
"1705","TINJ18B","","P","2",""
"1706","TINJ1A","","P","2",""
"1707","TINJ1B","","P","2",""
"1708","TINJ20A","","P","2",""
"1709","TINJ20B","","P","2",""
"1710","TINJ20C","","P","2",""
"1711","TINJ20Cmod","","P","2",""
"1712","TINJ2A","","P","2",""
"1713","TINJ2B","","P","2",""
"1714","TINJ3A","","P","2",""
"1715","TINJ3B","","P","2",""
"1716","RHA","","5","2",""
"1717","MARMIN1A","","2","2",""
"1718","MARMIN1B","","3","2",""
"1719","IB1A","","1","1",""
"1720","GT1B","","2","2",""
"1721","GT2","","2","2",""
"1722","GT3","","4","2",""
"1723","GT5","","2","2",""
"1724","GT81B","","2","2",""
"1725","GT81C","","1","1",""
"1726","GTMC1A","","2","2",""
"1727","GTMC2","","2","2",""
"1728","HARTM1(1)9","twig fragments","553","2",""
"1729","HARTM1(2)10","3 whole seeds, 1 seed fragment","4","1",""
"1730","HARTM1(3)11","6 seed fragments, 287 twig fragments","293","2",""
"1731","HARTM1(4)12","twig fragments","6","2",""
"1732","HARTM2(1)1","seed fragment","1","1",""
"1733","HARTM2(2)2","whole seed","1","1",""
"1734","HARTM2(3)3","twig fragments","932","2",""
"1735","HARTM2(4)4","twig fragments","315","2",""
"1736","HARTM3(1)5","2 seed fragments, 25 twig fragments","27","2",""
"1737","HARTM3(2)6","leaf fragments","22","2",""
"1738","HARTM3(3)7","6 whole seeds, 1 seed fragment","7","2",""
"1739","HARTM3(4)8","2 seed fragments, 238 twig fragments","240","2",""
"1740","TM1","thorns, leaves","***","2",""
"1741","TM2","fruit","*","1",""
"1742","TM3","needles","7.0%","2",""
"1743","T1","twigs with spines","+","1",""
"1744","T2","twigs with spines","+","1",""
"1745","TWPK2A","","1","1",""
"1746","TWPK2B","","3","2",""
"1747","TWPK3A","","2","2",""
"1748","DJMJD555B","","2","2",""
"1749","DJMJD556A","","2","2",""
"1750","DJMJD559","","2","2",""
"1751","DJMJD560","","2","2",""
"1752","DJMJD570","","2","2",""
"1753","DJMJD572A","","2","2",""
"1754","DJMJD574","achenes","1","1",""
"1755","DJMJD607A","","1","1",""
"1756","DJMJD607B","","2","2",""
"1757","DJMJD607C","stems","2","2",""
"1758","DJMJD608","","2","2",""
"1759","DJMJD609A","stems","4","2",""
"1760","DJMJD609B","","3","2",""
"1761","DJMJD610","","1","1",""
"1762","DJMJD613B","","2","2",""
"1763","DJMJD616","achenes","2","2",""
"1764","DJMJD617","","P","2",""
"1765","DJMJD622","","2","2",""
"1766","DJMRF303","","2","2",""
"1767","DJMRF321A","","2","2",""
"1768","DJMRF322","","2","2",""
"1769","DJMRF323","","2","2",""
"1770","DJMRF325A","","2","2",""
"1771","DJMRF325B","achenes","2","2",""
"1772","DJMRF325C","","2","2",""
"1773","DJMRF326","achenes","2","2",""
"1774","DJMRF327","","P","2",""
"1775","DJMRF328","","P","2",""
"1776","DJMRF573","","2","2",""
"1777","DRYC1S1","","1","1",""
"1778","DRYC1S2","","1","1",""
"1779","DRYC2S1","","1","1",""
"1780","DRYC2S2","","1","1",""
"1781","GG2S2","","1","1",""
"1782","GG2S3","","1","1",""
"1783","GG2S4","","1","1",""
"1784","GG2S5","","1","1",""
"1785","GG3S1","","1","1",""
"1786","MIDM1S1","","1","1",""
"1787","MIDM2S1","","1","1",""
"1788","MIDM2S2","","1","1",""
"1789","RGHC1(U1)S4","","1","1",""
"1790","RGHC1(U1)S5","","1","1",""
"1791","RGHC1(U2)S6","","1","1",""
"1792","RGHC1S1","","1","1",""
"1793","RGHC1S3","","1","1",""
"1794","TQCIIS1","","1","1",""
"1795","UR1S1","","1","1",""
"1796","UR1S2","","1","1",""
"1797","UR1S2R","","1","1",""
"1798","UR1S3","","1","1",""
"1799","UR3S3A","","2","2",""
"1800","UR3S3B","","1","1",""
"1801","WCM1","","1","1",""
"1802","DJMJD572B_D","","2","2",""
"1803","DP1","","X","2",""
"1804","EIC2","","X","2",""
"1805","ICK4","","X","2",""
"1806","ICK5","","X","2",""
"1807","LOSTC1B","","X","2",""
"1808","RBK1","","X","2",""
"1809","RCK2","","X","2",""
"1810","UTE1","","X","2",""
"1811","WHC1","","X","2",""
"1812","WRCVS1","","1","1",""
"1813","WRCVS2","","1","1",""
"1814","WRCVS3","","1","1",""
"1815","TBM1C","","P","2",""
"1816","PHLS140889PEW1(1)","","X","2",""
"1817","PHLS140889PEW2(1,1)","","X","2",""
"1818","PHLS140889PEW2(1,2)","","X","2",""
"1819","PHLS140889PEW2(1,2)B","","X","2",""
"1820","PHLS140889PEW2(1,3)","","X","2",""
"1821","PHLS140889PEW2(1,4)","","X","2",""
"1822","PHLS140889PEW2(1,4)B","","X","2",""
"1823","PHLS140889PEW2(1,5)","","X","2",""
"1824","PHLS150990PEW1(1,6)bt","","X","2",""
"1825","PHLS150990PEW1(1,6)tp","","X","2",""
"1826","PHLS150990PEW1(1,8)","","X","2",""
"1827","PHLS180589PEW2(1)","","X","2",""
"1828","PHLS180589PEW3(2,1)","","X","2",""
"1829","PHLS211089-MJ","","P","2",""
"1830","PHLS211089PEW1(1,2)","","X","2",""
"1831","PHLS211089PEW1(1,3)","","X","2",""
"1832","PHLS211089PEW1(1,5)","","X","2",""
"1833","PHLS211089PEW1(1,6)","","X","2",""
"1834","PHLS211089PEW1(1,7)md","","P","2",""
"1835","PHLS211089PEW1(1,7)tp","","P","2",""
"1836","HV031888PEW2(1)","","X","2",""
"1837","HV031888PEW7(1)","","X","2",""
"1838","HV180388PEW1(1,1)","","X","2",""
"1839","SILC111389MJ1","","P","2",""
"1840","W14C(30)","","0","0",""
"1841","W14C(31)","","0","0",""
"1842","W14C(32)","","0","0",""
"1843","W14C(35)","","0","0",""
"1844","W14C(36)","","0","0",""
"1845","PARC1A","2 leaf","2","2",""
"1846","PARC1B","2 seed","2","2",""
"1847","LOC1","2 seed","2","2",""
"1848","LOC2A","2 seed","2","2",""
"1849","WAM10","","2","2",""
"1850","WAM11B","","2","2",""
"1851","WAM12A","","1","1",""
"1852","WAM13A1","","2","2",""
"1853","WAM1A","","2","2",""
"1854","WAM1B","","2","2",""
"1855","WAM1D","","2","2",""
"1856","WAM1E","","1","1",""
"1857","WAM2","","2","2",""
"1858","WAM9A1","","2","2",""
"1859","WAM9A2","","2","2",""
"1860","WAM9B","","2","2",""
"1861","WAM9C","","1","1",""
"1862","WAM9D","florets","P","2",""
"1863","WH1","fruit","*","1",""
"1864","WH2","carpels, leaves","***","2",""
"1865","WH3","carpels","*","1",""
"1866","WH5","carpels, leaves","***","2",""
"1867","BASIN1","","3","2",""
"1868","BASIN2A","","3","2",""
"1869","BASIN2B","","0","9",""
"1870","CVEML1","","P","2",""
"1871","DA1","","1","1",""
"1872","DA10","","1","1",""
"1873","DA2","","4","2",""
"1874","DA3","","1","1",""
"1875","DA4","","1","1",""
"1876","DA5","","3","2",""
"1877","DA6","","1","1",""
"1878","DA7","","1","1",""
"1879","DA8","","3","2",""
"1880","DA9","","3","2",""
"1881","FRTPB","","1","1",""
"1882","IC1","","1","1",""
"1883","LAYPB","","2","2",""
"1884","LTWL","","3","2",""
"1885","MG1","","1","1",""
"1886","NEC1","","1","1",""
"1887","RCA1","","0","0",""
"1888","RCC1A","","0","0",""
"1889","RCC2","","0","0",""
"1890","RCLAY1","","P","2",""
"1891","RFCRK","","3","2",""
"1892","ST035","","3","2",""
"1893","ST050","","1","1",""
"1894","ST45","","2","2",""
"1895","UNITB","","P","2",""
"1896","VC10","","3","2",""
"1897","VC13","","1","1",""
"1898","VC15","","1","1",""
"1899","VC16","","2","2",""
"1900","VC17","","1","1",""
"1901","VC18(1)","","3","2",""
"1902","VC19","","1","1",""
"1903","VC20","","1","1",""
"1904","VC25","","1","1",""
"1905","VC26","","2","2",""
"1906","VC6","","3","2",""
"1907","VC7","","3","2",""
"1908","VC8","","1","1",""
"1909","VC9","","3","2",""
"1910","VCN1","","1","1",""
"1911","VCN11","","1","1",""
"1912","VCN12","","4","2",""
"1913","VCN14","","4","2",""
"1914","VCN2","","1","1",""
"1915","VCN3","","2","2",""
"1916","VCN4","","2","2",""
"1917","VCN5","","1","1",""
"1918","VCWTMTD","","1","1",""
"1919","WR1","","1","1",""
"1920","WR2","","X","2",""
"1921","SCOR1","","P","2",""
"1922","TH1","","P","2",""
"1923","BHLS3","","1","1",""
"1924","DM1(1)","","3","2",""
"1925","DM1(2)","","2","2",""
"1926","DM1(4)","","1","1",""
"1927","DVW1(4)","","2","2",""
"1928","EY1(3)1","","1","1",""
"1929","EY1(3)2","","1","1",""
"1930","EY2(1)","","3","2",""
"1931","EY2(2)","","3","2",""
"1932","EY3(1)","","2","2",""
"1933","EY3(2)","","1","1",""
"1934","EY5(2)","","1","1",""
"1935","EY5(3)","","1","1",""
"1936","SP1","","1","1",""
"1937","SP2(1)","","2","2",""
"1938","SP2(2)","","1","1",""
"1939","SP3","","1","1",""
"1940","WC1","","1","1",""
"1941","WC2","","1","1",""
"1942","FALARC1","","3","2",""
"1943","FALARC2","","P","2",""
"1944","REDTP1","","2","2",""
"1945","REDTP1(11360)","","P","2",""
"1946","REDTP10A","","P","2",""
"1947","REDTP10B","","P","2",""
"1948","REDTP11","","P","2",""
"1949","REDTP12","","P","2",""
"1950","REDTP2A","","P","2",""
"1951","REDTP3","","P","2",""
"1952","REDTP4A","","P","2",""
"1953","REDTP4B","","P","2",""
"1954","REDTP5","","1","1",""
"1955","REDTP6","","P","2",""
"1956","REDTP8","","1","1",""
"1957","REDTP9B","","P","2",""
"1958","TUNL2","","1","1",""
"1959","TUNL5","","5","2",""
"1960","TUNL5A","","0","0",""
"1961","WHIP(730)","","P","2",""
"1962","WHIP1","","P","2",""
"1963","WHIP2","","1","1",""
"1964","WHIP3","","P","2",""
"1965","WHIP4","","P","2",""
"1966","WHIP5S1","","P","2",""
"1967","WHIP5S2","","P","2",""
"1968","WHIP5S2L","","P","2",""
"1969","WHIP6","","P","2",""
"1970","WHIP7","","P","2",""
"1971","WHIP7L","","P","2",""
"1972","DB","twigs","++","2",""
"1973","DSO1","leaves, seeds","2","2",""
"1974","DSO2","leaves","+","1",""
"1975","FC1","fruits","1","1",""
"1976","FC2","twigs","1","1",""
"1977","SCN2(A)2","twigs","1","1",""
"1978","SCO","leaves","+++","2",""
"1979","VT1","leaves, seeds, twigs","2","2",""
"1980","VT2","twigs","1","1",""
"1981","VT3(C)","fruits","1","1",""
"1982","WY3(A)","twigs","+","1",""
"1983","WY4(A)","seeds, twigs","2","2",""
"1984","WCH1","4 twig, 4 fruit/seed","4","2",""
"1985","CRPT842A","","P","2",""
"1986","CRPT842B","","P","2",""
"1987","CRPTP3A","","P","2",""
"1988","ANTWASH","","2","2",""
"1989","CC013B","","3","2",""
"1990","CC013RB","","1","1",""
"1991","CC013RT","","1","1",""
"1992","CC015","","1","1",""
"1993","CC016","","3","2",""
"1994","CC017B","","2","2",""
"1995","CC018","","2","2",""
"1996","CC019","","2","2",""
"1997","CC020","","2","2",""
"1998","CC05","","1","1",""
"1999","CC06","","2","2",""
"2000","CITWASH","","3","2",""
"2001","DCL10","4 panicles with 20 florets","24","2",""
"2002","DCL11","seeds","28","2",""
"2003","DCL12A","20 panicles with 100 florets","120","2",""
"2004","DCL13","florets","7","2",""
"2005","DCL14B","nonflowering parts","25","2",""
"2006","DCL15","32 florets on 1 panicle","33","2",""
"2007","DCL16A","stem","1","1",""
"2008","DCL17B","involucre","1","1",""
"2009","DCL18","leaf fragment","1","1",""
"2010","DCL1B","1 group of phyllaries","1","1",""
"2011","DCL2","leaf","1","1",""
"2012","DCL4A","leaves","9","2",""
"2013","DCL5B","part of leaf","1","1",""
"2014","DCL6","calyx tubes","5","1",""
"2015","DCL7","involucre","1","1",""
"2016","DCL8","150 needles, 7 buds, 25 seeds","182","2",""
"2017","DCL9","3 florets, 1 rachilla","4","1",""
"2018","DMW2","leaf tips","11","2",""
"2019","DMW3A","part of septum in fruit","1","1",""
"2020","DMW4A","40 leaves, 47 buds, 3 stems, 2 capsules","92","2",""
"2021","DMW5A","1 rachilla, 3 seed parts","4","1",""
"2022","Raptor01","","3","2",""
"2023","WS0431N","","3","2",""
"2024","WCC1","","0","0",""
"2025","WCC10","","2","2",""
"2026","WCC11","","0","0",""
"2027","WCC12","","0","0",""
"2028","WCC15","","2","2",""
"2029","WCC16","","0","0",""
"2030","WCC3","","2","2",""
"2031","WCC4","","0","0",""
"2032","WCC5","","0","0",""
"2033","WCC8","","2","2",""
